<?xml version="1.0" encoding="UTF-8"?>
<!DOCTYPE suite SYSTEM "https://testng.org/testng-1.0.dtd">
<suite name="Suite">
  <test thread-count="5" name="Test">
    <classes>
      <class name="projects.AppointementCase"/>
      <class name="projects.LoginFunctionalTestCases"/>
      <class name="testcases.LoginTestCases"/>
      <class name="testcases.AppointmentTestCase"/>
      <class name="utilities.ExtentReportsClass"/>
      <class name="projects.ExtentDemo"/>
    </classes>
  </test> <!-- Test -->
</suite> <!-- Suite -->
